{
  "totalAccidents": 37196,
  "uniqueCompanies": 1148,
  "avgRiskIndex": 2.3,
  "highRiskCount": 2,
  "typeDistribution": {
    "넘어짐(전도)": 8451,
    "기타": 6993,
    "떨어짐(추락)": 5973,
    "맞음(낙하/비래)": 4922,
    "끼임(협착)": 3712,
    "베임/찔림/찰과상": 3012,
    "부딪힘(충돌)": 3004,
    "깔림/전복": 752,
    "화재/폭발": 282,
    "감전": 66,
    "질식/중독": 27,
    "무너짐(붕괴)": 2
  },
  "trendData": {
    "labels": [
      "Jan",
      "Feb",
      "Mar",
      "Apr",
      "May",
      "Jun",
      "Jul",
      "Aug",
      "Sep",
      "Oct",
      "Nov",
      "Dec"
    ],
    "values": [
      2430,
      2522,
      3124,
      3296,
      3322,
      3199,
      3256,
      3192,
      2987,
      3471,
      3330,
      3067
    ]
  },
  "topCompanies": {
    "(주)대한건설기술": 6.665,
    "주식회사 승일종합건설": 5.308333333333334,
    "(주)서진엔지니어링": 4.625405405405406,
    "(주)보성건축": 4.557333333333333,
    "(주)남해E&C": 4.43,
    "(주)반도미래산업": 4.386666666666667,
    "(주)천일미래산업": 4.145,
    "(주)대우건설산업": 4.111666666666667,
    "주식회사 경기종합건설": 4.078888888888889,
    "(주)한라씨앤씨": 3.9676923076923076
  }
}